{
  "regression": {
    "linear": {
      "r2": 0.038026047739232904,
      "rmse": 261.6237722008474,
      "mae": 4.1611325886124755,
      "mse": 261.6237722008474
    },
    "dtree_reg": {
      "d2mae": 0.6506618433481275,
      "cv_results": {
        "d2mae_results": [
          0.16774058026036492,
          0.1872176811712163,
          0.21502856820337407,
          0.24129807615368754,
          0.3077002453324479,
          0.3712701207711938,
          0.44649952492866596,
          0.4674183527895589,
          0.5072913547679677,
          0.5302405030922945,
          0.5654326674856258,
          0.5899946492680286,
          0.6005452153756465,
          0.6318911187522109,
          0.6219664666040033,
          0.63108350437919,
          0.6454904564137749,
          0.6263595315328787,
          0.6330333604143072,
          0.6506618433481275,
          0.6247736730562223,
          0.6453079471559269,
          0.6441069778776359,
          0.6442994830060236,
          0.644881797738224
        ],
        "best_maxdepth": 20
      }
    },
    "randomforest_reg": {
      "mae": 3.0555189593971828
    },
    "knn": {
      "mae": 4.842358534082274,
      "cv_results": {
        "mae_results": [
          5.6576459750240655,
          5.190054998433989,
          5.1804115150760675,
          5.0738978441802915,
          5.086218528025711,
          5.0665633329449085,
          4.964934333956842,
          4.916898182574987,
          4.884159710279471,
          4.842358534082274,
          4.873966600024183
        ],
        "best_k": 19
      }
    }
  },
  "classification": {
    "logistic": {
      "accuracy": 0.9508098380323935,
      "roc_auc": 0.3973070708625067,
      "log_loss": 0.6220748882638015
    },
    "dtree_clf": {
      "accuracy": 0.978069498069498,
      "cv_results": {
        "accuracy_results": [
          0.0,
          0.7944640157504905,
          0.9467808916229968,
          0.9779247122870507,
          0.978069498069498,
          0.978069498069498,
          0.978069498069498,
          0.978069498069498,
          0.978069498069498,
          0.978069498069498,
          0.978069498069498,
          0.978069498069498,
          0.978069498069498,
          0.978069498069498,
          0.978069498069498,
          0.978069498069498,
          0.978069498069498,
          0.978069498069498,
          0.978069498069498,
          0.978069498069498,
          0.978069498069498,
          0.978069498069498,
          0.978069498069498,
          0.978069498069498,
          0.978069498069498
        ],
        "best_maxdepth": 5
      }
    },
    "randomforest_clf": {
      "accuracy": 0.9994001199760048
    },
    "naiveB": {
      "accuracy": 0.9070185962807439
    },
    "knn": {
      "accuracy": 0.9524838275194425,
      "cv_results": {
        "accuracy_results": [
          0.9082042556773663,
          0.9451032513323275,
          0.9490634854852391,
          0.9521237915158421,
          0.9524838275194425,
          0.9524838275194425,
          0.9524838275194425,
          0.9524838275194425,
          0.9524838275194425,
          0.9524838275194425,
          0.9524838275194425
        ],
        "best_k": 9
      }
    },
    "svc": {
      "accuracy": 0.9508098380323935,
      "f1_score": 0.0
    }
  }
}